Unnamed: 0,category,name,first_post,second_post,third_post,description
0,art,Art,"Goddess of Democracy, Me, Digital, 2019","â€œThe New American Gothicâ€ by Criselda Vasquez, Oil on canvas, 2017","Stephen Hawking, Rama Samkari, digital, 2018","This is a subreddit about art.

We do not support the reddit redesign. It is horrible and the admins have ignored our feedback. Please do not use it. Go to your preferences and enable old reddit as your default experience."
1,art,photoshopbattles,PsBattle: This cat with a skull on his chest,PsBattle: French President celebrating,PsBattle: A jewel in the sea,"Photoshop contests on reddit. A place to battle using image manipulation software, play photoshop tennis, create new images from old photos, or even win reddit gold."
2,art,comics,Squeaky Clean [OC],Embrace of the Granfalloon,Reminisce,"Everything related to print comics (comic books, graphic novels, and strips) and web comics.  Artists are encouraged to post their own work.  News and media for adaptations based on comic books are welcome. Read [the subreddit wiki](https://www.reddit.com/r/comics/wiki/index) for more information about the subreddit."
3,art,SketchDaily,"/r/sketchdaily is Subreddit of the Day! Welcome, new sketchers. And old sketchers, thanks for being what you've always been.",July 20th - Study Saturday: Parodies of Famous Artwork,July 3rd - Japanese Pygmy Squirrels,art
4,art,ArtPorn,Jason Anderson - Parallel (oil on linen) [1080x1080],"The Girl on the Couch, Pang Xunqin, 1930 [1280 Ã— 600]",The Irritating Gentleman by Berthold Woltze ( 1874),"High quality images of SFW art meant for appreciating, and sharing."
5,culture,aww,Heat index was 110 degrees so we offered him a cold drink. He went for a full body soak instead,His favorite spot when traveling.,The dog is supposed to run up in front of her and sit.,"Things that make you go AWW! Like puppies, bunnies, babies, and so on...

A place for really cute pictures and videos!"
6,culture,ShowerThoughts,Whoever created the tradition of not seeing the bride in the wedding dress beforehand saved countless husbands everywhere from hours of dress shopping and will forever be a hero to all men.,"When you're a kid, you don't realize you're also watching your mom and dad grow up.","Everyone hates being sung happy birthday, and everyone hates singing happy birthday, so what the fuck are we doing here.",A subreddit for sharing those miniature epiphanies you have that highlight the oddities within the familiar.
7,culture,mildlyinteresting,"Local Mexican restaurant used to be a Chinese restaurant. Instead of painting over a mural, they just put sombreros on the pandas.",Found the cliff this Clif bar came from.,I have a hereditary gap in my eyebrow,"Aww, cripes. I didn't know I'd have to write a description. How many words is that so far, like a hundred? Soooo, yeah. Mildly interesting stuff. Stuff that interests you. Mildly. It's in the name, ffs."
8,culture,woahdude,"Join the Battle for Net Neutrality! Net neutrality will die in a month and will affect WoahDude and many other websites and services, unless we fight for it!",Framerate synced with wings,this piece of fuzz that doesnâ€™t want to leave my jacket,"The best links to click while you're stoned!

Psychedelic, mindfucking, mesmerizing, reality-distorting or trippy games, video, audio & images that make a sober person feel stoned, or stoned person trip harder!

Come for mindfucks and self-inflicted gaslighting. Or the hypnotic or mesmerising. Vivid colors, intense patterns. Mind-blowing science and philosophy. Chill or trippy music. Surrealism, absurdism and strangeness.

Reminder: This is not a ""reaction subreddit""."
9,culture,OldSchoolCool,The Paramount Pictures logo on the day it was originally painted. [1965],My uncle getting caught growing weed in the backyard. Circa 1970s.,Friend of mine told me to post here. Me in the mid 80's.,"/r/OldSchoolCool

**History's cool kids, looking fantastic!**

A pictorial and video celebration of history's coolest kids, everything from beatniks to bikers, mods to rude boys, hippies to ravers. And everything in between. 

If you've found a photo, or a photo essay, of people from the past looking fantastic, here's the place to share it.  "
10,discussion,AdviceAnimals,Because we can't let Verizon look bad,"Seriously, I just want to sit in silence sometimes.","Ok bedtime, itâ€™s a school night!",Reddit's Gold Mine
11,discussion,Videos,This is what happens when one company owns dozens of local news stations,"Youtube is Facilitating the Sexual Exploitation of Children, and it's Being Monetized (2019)","history of the entire world, i guess","The best place for video content of all kinds. 

Please read the sidebar below for our rules."
12,discussion,tifu,TIFU by buying everyone an AncestryDNA kit and ruining Christmas,TIFU by living in a dark bedroom for 6 years.,TIFU by spending the last year on reddit talking to myself after being muted.,"WELCOME TO /r/TIFU! 

Today I Fucked Up is a community for the dumbass in all of us. We all have those moments where we do something ridiculously stupid. Let us make each other feel better about ourselves. Come and check it out!

Why you should join us: It's funny, interesting, cringe-worthy, laugh-causing, smile-inducing, feel-good, ridiculous, humor, humorous, humerus, stupid, cool, awesome, but mostly because it's the best community on reddit."
13,discussion,todayilearned,"TIL After Col. Shaw died in battle, Confederates buried him in a mass grave as an insult for leading black soldiers. Union troops tried to recover his body, but his father sent a letter saying ""We would not have his body removed from where it lies surrounded by his brave and devoted soldiers.""","TIL that in 1916 there was a proposed Amendment to the US Constitution that would put all acts of war to a national vote, and anyone voting yes would have to register as a volunteer for service in the United States Army.","TIL of Dr. Donald Hopkins. He helped eradicate Smallpox, and is on the verge of killing another disease. He's taken Guinea Worm Disease down from 3.5 million cases a year to just 28 cases last year.","You learn something new every day; what did you learn today?
Submit interesting and specific facts about something that you just found out here."
14,discussion,LifeProTips,"LPT: if your LPT is about fucking coconuts, it will be removed and you will be banned.","LPT: If you like one song by an artist, but don't dig the rest of their stuff. find out who the producer is and see what other work they've done. The producer can play a big role in how the final song turns out.","LPT: if a friend or a family member gets diagnosed with dementia or alzheimer, in the early stages try to find out what their favorite songs of all time are. In this way you would be able to create a playlist for them that could be of great benefit in the later stages of the disease.",Tips that improve your life in one way or another.
15,food,food,[Homemade] Blackberry-Lemon Cheesecake,[Homemade] Kraken Pie,"[PRO/CHEF] I made this rib eye cake, to fool the recipient!","Cooking, restaurants, recipes, food network, foodies, talk about it here!"
16,food,FoodforThought,Legalizing Marijuana Would Hurt Mexican Drug Cartels More Than Trump's Border Wall,"University To Freshmen: Don't Expect Safe Spaces Or Trigger Warnings -- ""We do not support so-called 'trigger warnings,' we do not cancel invited speakers because their topics might prove controversial, and we do not condone the creation of intellectual 'safe spaces.'""","Monsanto secret documents released since Monsanto did not file any motion seeking continued protection. The reports tell an alarming story of ghostwriting, scientific manipulation, collusion with the EPA, and previously undisclosed information about how the human body absorbs glyphosate.",Intelligent and thought-provoking commentaries on life and culture with an emphasis on longform articles and essays that stimulate intellectual discourse.
17,food,FoodPorn,"It's taken a ton of testing to get here, but these really are the ultimate big, soft, and super chewy chocolate chip cookies. Recipe in the comments. [OC] [670 x 1004]",Cutting a slice of 23 layer chocolate cake [640 x 640] [GIF],A guest asked for the biggest ribeye we had. Told them we could cut anything. Hereâ€™s 72oz of beefy goodness!,"Simple, attractive, and visual. Nothing suggestive or inappropriate, this is a safe for work subreddit."
18,food,cooking,RIP Anthony Bourdain,"Iâ€™m cooking one meal from every state in the United States , what meal best represents your state?","So, after I made a post on r/eatcheapandhealthy yesterday, I realised I'm not the only depressed person struggling to eat properly. So, I've started a blog of super cheap, healthy meals that require no cooking and only 2-5 minutes of prep time. It's called ""Fuck It, I'm Not Cooking"".","/r/Cooking is a place for the cooks of reddit and those who want to learn how to cook. Post anything related to cooking here, within reason."
19,food,foodhacks,Some grocers are using banana leaves as an alternative way to package without plastic.,Never expected this,If you eat a hard taco over a soft tortilla shell you get a second taco.,"Food hacks is a place to share quick and simple tips on making food that has more flavor, more nutritional value, or both!"
20,gaming,leagueoflegends,"OUR LORD AND SAVIOUR MARC MERRILL HAS SAID IF THIS POST GETS TO THE TOP OF /R/ALL, HE WILL GIVE GRAVES A CIGAR AGAIN!",Tyler1 unbanned from League of Legends,"Jesus Christ. If this gets enough upvotes it will be the first result when people search for ""Jesus Christ""",This is a subreddit devoted to League of Legends.
21,gaming,pcmasterrace,EA giving away its crown.,As a prior US Marine who fought for freedom your actions make me sick. Goodbye Blizzard,"If you people would get even half as mad over Net Neutrality as you did with Battlefront II, we might get to keep our nice internet.","Welcome to the official subreddit of the PC Master Race. In this subreddit, we celebrate and promote the ultimate gaming and working platform. Ascend to a level that respects your eyes, your wallet, your mind, and your heart. Ascend to... the PC Master Race."
22,gaming,DestinyTheGame,MAINTENANCE HAS BEGUN! 25K UPVOTES AND WE WILL GIVE AWAY 25 DIGITAL DELUXE EDITIONS OF SHADOWKEEP!,"Fuck Destiny. Fuck Gjallarhorn. If this post gets 5000 upvotes, this will become a Club Penguin themed subreddit.","Fuck Destiny. Fuck Gjallarhorn. If this post gets 5000 upvotes, this will become a Club Penguin themed subreddit.","Welcome to Destiny Reddit! This sub is for discussing Bungie's shared world, action FPS looter-shooters: Destiny 2 and its predecessor, Destiny. 

Please read the sidebar rules and be sure to search for your question before posting."
23,gaming,pokemon,"If I get 100 upvotes, I'll buy everyone who upvotes a copy of Sun and Moon","If this post gets 100 upvotes, Iâ€™ll buy everyone who upvotes a copy of Ultra Sun and Ultra Moon",Mhm,"r/pokemon is an unofficial PokÃ©mon fan community. This is the place for most things PokÃ©mon on Redditâ€”TV shows, video games, toys, trading cards, you name it!"
24,gaming,Games,"John @Totalbiscuit Bain July 8, 1984 - May 24, 2018","Gods Unchained: ""@Blizzard_Ent just banned @blitzchungHS and stripped his Hearthstone winnings because they care about money more than freedom. We will pay for ALL his lost winnings and a ticket to our $500k tournament: no player should be punished for their beliefs. #freegaming""","Belgium says loot boxes are gambling, wants them banned in Europe","The goal of /r/Games is to provide a place for informative and interesting gaming content and discussions.

Submissions should be for the purpose of informing or initiating a discussion, not just with the goal of entertaining viewers. Memes, comics, funny screenshots, arts-and-crafts, etc. will be removed."
25,humor,funny,My cab driver tonight was so excited to share with me that heâ€™d made the cover of the calendar. I told him Iâ€™d help let the world see,Guardians of the Front Page,Gas station worker takes precautionary measures after customer refused to put out his cigarette,Welcome to r/Funny: reddit's largest humour depository
26,humor,gifs,Spectator at PyeongChang,1 dad reflex 2 children,Finnish ski jumping team,"Funny, animated GIFs: Your favorite computer file type!

Officially pronounced with a hard ""J"""
27,humor,reactiongifs,MRW when the front page of Reddit is all pro net neutrality,MRW Your need to update old gifs to fit in,MRW I find out I'm going to be an older brother in my 30's.,"Give a man a gif and he will meme all day, teach a man to REACT and he will be as a GOD"
28,humor,memes,I drew all the boys together and i did it for the internet,Simpsons predicted it yet again,For real though,"Memes!

A way of describing cultural information being shared.
An element of a culture or system of behavior that may be considered to be passed from one individual to another by nongenetic means, especially imitation."
29,humor,WTF,"Annoyed by loud music, man uses drone to hit neighbors with fireworks",Guy throws gator into lake,I split up with my boyfriend yesterday. I fell asleep while he was packing and he stole my toilet.,"Things that make you say ""What the F*ck""."
30,info,news,Blizzard Employees Staged a Walkout After the Company Banned a Gamer for Pro-Hong Kong Views,Scientist Stephen Hawking has died aged 76,"Jeffrey Epstein's autopsy more consistent with homicidal strangulation than suicide, Dr. Michael Baden reveals","/r/news is: real news articles, primarily but not exclusively, news relating to the United States and the rest of the World. /r/news isn't: editorials, commercials, political minutiae, shouting, justin bieber updates, kitty pictures. For a subreddit for all news-related content (editorials, satire, etc.) visit /r/inthenews."
31,info,science,Physicist Stephen Hawking dies aged 76,The first picture of a black hole opens a new era of astrophysics. The supermassive beast lies in a galaxy called M87 more than 50 million light-years away,"Since legalizing cannabis in 2012, crime clearance rates are increasing faster in Washington and Colorado than the rest of country, suggesting that legalization may free police to focus on more serious crimes.","This community is a place to share and discuss new scientific research. Read about the latest advances in astronomy, biology, medicine, physics, social science, and more. Find and submit new publications and popular science coverage of current research."
32,info,explainlikeiamfive,Why does this tyre not fall out of the track? I even observed that it moves a little distance forward then moves backword to original position and so on...,Why can it work?,What is happening in HongKong and why is it happening?,Description
33,info,space,"Half-naked girls get thousands of upvotes, how many for our boy in blue?","I took nearly 50,000 images of the night sky to make an 81 Megapixel image of Tuesday's moon. Uncompressed image linked in the comments. [OC]",The clearest image of Mars ever taken!,"Share & discuss informative content on:

* Astrophysics
* Cosmology
* Space Exploration
* Planetary Science
* Astrobiology"
34,info,programming,"Thereâ€™s a reason that programmers always want to throw away old code and start over: they think the old code is a mess. They are probably wrong. The reason that they think the old code is a mess is because of a cardinal, fundamental law of programming: Itâ€™s harder to read code than to write it.",YouTube page load is 5x slower in Firefox and Edge than in Chrome because YouTube's Polymer redesign relies on the deprecated Shadow DOM v0 API only implemented in Chrome.,How I Got Paid $0 From the Uber Security Bug Bounty,Computer Programming
35,lifestyle,MakeupAddiction,graphic copper,I gave my mumma a makeover! ğŸ˜Š,Played around with a neon lights look since I didn't have to go to work,The subreddit for everything makeup related.
36,lifestyle,SkincareAddiction,[B&A] Finished my 5 month course of accutane just in time for graduation!,"[Selfie] I stopped wearing face makeup about a month ago to give my skin a break, save money, and to step outside of my comfort zone. I finally feel confident with my makeup-free face and wanted to share with you guys! Skincare routine in comments : )",[Humor] waste of skin,lifestyle
37,lifestyle,food,[Homemade] Blackberry-Lemon Cheesecake,[Homemade] Kraken Pie,"[PRO/CHEF] I made this rib eye cake, to fool the recipient!","Cooking, restaurants, recipes, food network, foodies, talk about it here!"
38,lifestyle,GetMotivated,[Image] Some people just donâ€™t make excuses.,[Image] Jonah Hill on doing stuff that used to make you insecure.,[Image] Slow and steady,"Welcome to /r/GetMotivated! Weâ€™re glad you made it. This is the subreddit that will help you finally get up and do what you *know* you need to do. Itâ€™s the subreddit to give and receive motivation through pictures, videos, text, music, AMAâ€™s, personal stories, and anything and everything that you find particularly motivating and/or inspiring.

So browse around, ask questions, give advice, form/join a support group. But donâ€™t spend too much time here; youâ€™ve got *better* things to do."
39,lifestyle,Fitness,Things I Wish I Knew 8 Years Ago,How to do PULL UPS properly and how to do your first pullup if you can't do any. ğŸ’ª,"Smoking increases risk of lung cancer 2,500%. Bacon increases risk of colon cancer 18%. (Followup to yesterday's meat/cancer WHO post.)",Discussion of physical fitness/exercise goals and how they can be achieved
40,location,EarthPorn,Join the Battle for Net Neutrality! Don't let the FCC destroy the internet!,"So glad I got up for this -15Â°F sunrise. There's only a handful of days in the year where the morning light lines up perfectly with the hole in Hollow Rock. Grand Portage, MN. [5287Ã—6995] [OC]","For a 15-minute period during my flight back to Canada yesterday, there were no clouds blocking the view over Greenland's glaciers and icebergs [3264x1754] [OC]",EarthPorn is your community of natural landscape photographers and those who appreciate the natural beauty of our home planet.
41,location,europe,"This is Jean-Baptiste Kempf, the creator of the VLC media player, he refused tens of millions of euros in order to keep VLC ads-free. Merci, Jean!",How much public space we've surrendered to cars. Swedish Artist Karl Jilg illustrated.,Climate protest in Cologne. They're standing on ice blocks,"Europe: 50 (+6) countries, 230 languages, 743M peopleâ€¦ 1 subreddit."
42,location,travel,Taken with a phone out of my hotel window in Venice... and no boats!,"I just hiked part of the Tiger Leaping Gorge in Yunnan, China. This is the view from the dorm room at the Halfway House, which is by far the best hostel view I have ever seen.","Wife and I hate big social events and love traveling. So rather than a normal wedding, traveled to Switzerland and did our vows in private. Photo from the day","r/travel is a community about exploring the world. Your pictures, questions, stories, or any good content is welcome. 

Clickbait, spam, memes, ads, brochures, classifieds, surveys or self-promotion will be removed."
43,location,NatureIsFuckingLit,ğŸ”¥ Beluga whale saves an iPhone from the sea in Norway,"ğŸ”¥ A couple years ago, I found this hawk soaked at the bottom of my pond freezing (25 deg F) to death so I got it out and it let me put a towel around it. Everyday since it has has come back and perched on my deck. I put a piece of chicken out there yesterday to get this video.",ğŸ”¥ A stork couple celebrating their first egg.,We are here to appreciate the awesome majesty and incredibly cool aspects of nature. ğŸ”¥
44,location,SpacePorn,This photo still blows my mind. (Zoom in),This is the first flower ever grown entirely in space.,"Surreal, absurd, outlandish, preposterous... But there it is. The entire earth clearly reflected off the side of a car.",SpacePorn is a subreddit devoted to high-quality images of space. As long as the focus of the image is of the stars or related to space in some way then it is allowed.
45,meta,Unexpected,Big mistake dawg,Dude chilling out in a stream,My parents warned me about their new tortoise being ... special.,This subreddit is for unexpected twists in videos and gifs
46,meta,trashy,The trashy manager,"""Taking a picture of me???"" - Woman changing her baby's dirty diaper on top of an Old Navy clothing display",A reputable company framing an employee for petty revenge,"Trashy stories, trashy glamour, all things fake, plastic, and downright trashy, low-class, no-class, white trash, bimbos, and damn proud."
47,meta,bestof,Student is frantically on Reddit trying to get attention to the fact that his friends are being raped and murdered by his government.,Redditor jokes about Trump claiming credit for airline passenger safety in 2017 few hours before Trump actually does exactly that,User launches site to search forged comments in your name to the FCC in an effort to collect evidence of astroturfing. Comcast sends Cease and Desist.,The very best comments on reddit.
48,meta,dankmemes,StefÃ¡n Karl StefÃ¡nsson is the Meme of the Year 2018,Didn't Disappoint.,Hopefully he doesnâ€™t fail me...,THE place to post dank memes
49,meta,starterpacks,â€œWTF happened nowâ€ starter pack,Dad checking in on you during a depressive episode starter pack,Staring out the car window starter pack,Home of starterpacks!
50,movies,Celebs,Alison Brie topless in GLOW [NSFW],Selena Gomez - sideboob nipslip,Demi Lovato Snapchat Story,For beautiful female celebrities.
51,movies,MovieDetails,"For Interstellar, Christopher Nolan planted 500 acres of corn just for the film because he did not want to CGI the farm in. After filming, he turned it around and sold the corn and made back profit for the budget.","In Interstellar on the water planet, the soundtrack in the background has a prominent ticking noise. These ticks happen every 1.25 seconds. Each tick you hear is a whole day passing on Earth. (Math in the comments)",Robert Patrick trained to fire a gun without blinking in Terminator 2.,"Details in Movies, Movie Details!"
52,movies,ShittyMovieDetails,"In Game of Thrones Season 8, Daenerysâ€™ last words are â€œwe break the wheel togetherâ€ which spelled backwards says â€œrehtegot leehw eht kaerb ewâ€ which doesnâ€™t make sense just like the rest of season 8.",In the Sonic The Hedgehog movie trailer you can see 22 coins instead of stars in the Paramount logo. This is a subtle nod to the fact that this movie will make 22 USD at the box office.,"Actors in black and white movies were often putting their lives in danger during driving scenes, as they weren't able to tell if the traffic light was red or green.",This [subbie](/r/subbie) is for the greatest movie details ever. 
53,movies,scifi,Join the Battle for Net Neutrality! Don't let the FCC destroy the internet!,Sir Patrick Stewart: Iâ€™m applying for US citizenship to â€˜fight and opposeâ€™ the Trump administration,Carrie Fisher Dies at 60,"Science Fiction, or Speculative Fiction if you prefer. Fantasy too.  Asimov, Bradbury, Clarke, Dick, Heinlein and other SF books.  SF movies and TV shows.  Fantasy stuff like Tolkien and Game of Thrones.  Laser guns, space ships, and time travel.  etc.   Star Trek, Battlestar, Star Wars, etc."
54,movies,Filmmakers,Probably one of the best shots of my Career.,"I got to direct Bill Murray in a project, so I got that going for me, which is nice.",It's told that the camera adds 10 pound..,"Filmmakers, directors, cinematographers, editors, vfx gurus, composers, sound guys, grips, electrics, and more meet to share their work, tips, tutorials, and experiences. A place where professionals and amateurs alike unite to discuss the field."
55,music,listentothis,The FCC is about to kill net neutrality. Weâ€™re protesting nationwide on Dec 7th to stop them.,"The FCC is expected to announce a vote to gut net neutrality rules the day before Thanksgiving. Only a big burst of phone calls to Congress can stop them from allowing ISPs to charge us extra fees to access sites, apps, games, and especially the music we all love. [discussion]","The FCC is expected to announce a vote to gut net neutrality rules the day before Thanksgiving. Only a big burst of phone calls to Congress can stop them from allowing ISPs to charge us extra fees to access sites, apps, games, and especially the music we all love. [discussion]","Listentothis is the place to discover new and overlooked music.

All submissions link directly to music streams. Automated moderation removes spam, reposts, household name bands, and poor amateur music. Other content includes AMAs from on-topic artists, an album discussion club, and genre appreciation threads.

Content is tagged by genre and split into editions for easy browsing. Music charts are posted monthly. Sidebar features multireddits that include all 600+ of the other music subreddits."
56,music,Music,The FCC is about to kill net neutrality. Weâ€™re protesting nationwide on Dec 7th to stop them.,"The FCC is expected to announce a vote to gut net neutrality rules the day before Thanksgiving. Only a big burst of phone calls to Congress can stop them from allowing ISPs to charge us extra fees to access sites, apps, games, and especially the music we all love.",With all the justified focus on R Kelly right now let's not forget that Chris Brown is also a complete pile of shit.,The musical community of reddit
57,music,spotify,BRING BACK OLD SPOTIFY!,Fuck off with drake already,"Ok, what group of ****ing geniuses combined their brain to determine that removing the widget was a good idea?",This subreddit is mainly for sharing Spotify playlists. Have questions? Check out our wiki first.
58,music,electronicmusic,Hello ! My name is Madeon and I just released my new album Good Faith. AMA!,me_irl,"I am Daniel â€œC418â€ Rosenfeld, composer of Minecraft and other electronic albums. I make a bleep de bloop AMA",A place to discuss everything electronic music related.
59,music,metalcore,Tear this place up!,Architects guitarist Tom Searle has lost his battle with cancer :( RIP you bloody legend,"Architects - ""Hereafter""","Metalcore is a subgenre of hardcore punk combining various elements of extreme metal and hardcore punk. The name is a portmanteau of the two genres. Metalcore is distinguished from other punk metal fusions by its emphasis on breakdowns: slower, intense passages conducive to moshing.

This is a place for news, reviews, videos and discussion of your [favorite metalcore bands](http://en.wikipedia.org/wiki/Category:Metalcore_musical_groups)."
60,news_politics,news,Blizzard Employees Staged a Walkout After the Company Banned a Gamer for Pro-Hong Kong Views,Scientist Stephen Hawking has died aged 76,"Jeffrey Epstein's autopsy more consistent with homicidal strangulation than suicide, Dr. Michael Baden reveals","/r/news is: real news articles, primarily but not exclusively, news relating to the United States and the rest of the World. /r/news isn't: editorials, commercials, political minutiae, shouting, justin bieber updates, kitty pictures. For a subreddit for all news-related content (editorials, satire, etc.) visit /r/inthenews."
61,news_politics,politics,"Kim Davis, clerk who refused to sign marriage licenses for gay couples, loses to Democrat",Trump revealed highly classified information to Russian foreign minister and ambassador.,"Trump Ordered Mueller Fired, but Backed Off When White House Counsel Threatened to Quit",/r/Politics is for news and discussion about U.S. politics.
62,news_politics,worldnews,"Two weeks before his inauguration, Donald J. Trump was shown highly classified intelligence indicating that President Vladimir V. Putin of Russia had personally ordered complex cyberattacks to sway the 2016 American election","2.6 terabyte leak of Panamanian shell company data reveals ""how a global industry led by major banks, legal firms, and asset management companies secretly manages the estates of politicians, Fifa officials, fraudsters and drug smugglers, celebrities and professional athletes.""","Churchill's grandson slams Trump for skipping cemetery visit because of weather: ""They died with their face to the foe and that pathetic inadequate @realDonaldTrump couldnâ€™t even defy the weather to pay his respects to The Fallen,"" Soames tweeted","A place for major news from around the world, excluding US-internal news."
63,news_politics,conspiracy,"This rare image, featuring the victims of the mass slaughter of peaceful protesters by the Chinese army at Tiananmen Square, was just censored from the front page of reddit with 134,000 net upvotes.",This was deleted twice from reddit's front page.,REMINDER: It has been 2866 days since Sean Hannity offered to undergo waterboarding for charity as proof that it's not torture and has not done it.,"**The conspiracy subreddit is a thinking ground. Above all else, we respect everyone's opinions and ALL religious beliefs and creeds. We hope to challenge issues which have captured the publicâ€™s imagination, from JFK and UFOs to 9/11. This is a forum for free thinking, not hate speech. Respect other views and opinions, and keep an open mind.**

**Our intentions are aimed towards a fairer, more transparent world and a better future for everyone.**"
64,news_politics,PoliticalDiscussion,"In a recent Tweet, the President of the United States explicitly targeted a company because it acted against his family's business interests. Does this represent a conflict of interest? If so, will President Trump pay any political price?",President Donald Trump has fired FBI Director James Comey,"Michael Flynn has reportedly resigned from his position as Trump's National Security Advisor due to controversy over his communication with the Russian ambassador. How does this affect the Trump administration, and where should they go from here?",Discussion about politics. Talk amongst yourselves.  Politely and informatively.
65,pictures,itookapicture,ITAP of my friend,"ITAP , only one",ITAP of a VW Bus reflection,"A subreddit about photography techniques and styles. Post your work here to ask for critique, or browse the submissions and learn how photography techniques are achieved."
66,pictures,NatureIsFuckingLit,ğŸ”¥ Beluga whale saves an iPhone from the sea in Norway,"ğŸ”¥ A couple years ago, I found this hawk soaked at the bottom of my pond freezing (25 deg F) to death so I got it out and it let me put a towel around it. Everyday since it has has come back and perched on my deck. I put a piece of chicken out there yesterday to get this video.",ğŸ”¥ A stork couple celebrating their first egg.,We are here to appreciate the awesome majesty and incredibly cool aspects of nature. ğŸ”¥
67,pictures,pics,"Private Internet Access, a VPN provider, takes out a full page ad in The New York Time calling out 50 senators.","My dad waits every year for the day the sun rises just right and reflects along the railroad tracks, Today was that day!","Thanks, Obama.",A place for pictures and photographs.
68,pictures,photography,The upcoming FCC vote on net neutrality affects photographers just as much as it affects any other person who uses the internet; more so for professionals. I know this isn't specifically about photography but it is important to this sub none the less.,The Golden Triangle of Photography,This is really cool,"/r/photography is a place to discuss the tools, technique and culture of photography.

This is not a good place to simply share cool photos or promote your work, but rather a place to discuss photography as an art and post things that would be of interest to other photographers."
69,pictures,gifs,Spectator at PyeongChang,1 dad reflex 2 children,Finnish ski jumping team,"Funny, animated GIFs: Your favorite computer file type!

Officially pronounced with a hard ""J"""
70,q_a,IAmA,"I am Barack Obama, President of the United States -- AMA",Protect Net Neutrality. Save the Internet.,"[AMA Request] Victoria, ex-AMA mod",q_a
71,q_a,AskReddit,"People who haven't pooped in 2019 yet, why are you still holding on to last years shit?",Stan Lee has passed away at 95 years old,"How would you feel about a feature where if someone upvotes a crosspost, the original post is upvoted automatically?",r/AskReddit is the place to ask and answer thought-provoking questions.
72,q_a,AskWomen,"As an introvert, how do you feel about this quote by Jim Carrey? â€œSolitude is dangerous. Itâ€™s very addictive. It becomes a habit after you realize how calm and peaceful it is. Itâ€™s like you donâ€™t want to deal with people anymore because they drain your energy.â€","What is the most intimate, non-sex thing you do with your partner?","What do women do, that men would never think about?","AskWomen: A subreddit dedicated to asking women questions about their thoughts, lives, and experiences; providing a place where all women can comfortably and candidly share their responses in a non-judgmental space. As part of our commitment to that mission, the AskWomen subreddit is curated to promote respectful and on-topic discussions, and not serve as a debate subreddit."
73,q_a,AskMen,"Men of reddit who don't comment on posts, why don't you?",I cheated and I feel like crap. Not sure how to tell my girlfriend.,"I went to hug a girl and she grabbed my hand and shook it, what are the most isolated places on earth known to man?","r/AskMen: the premier place to ask random strangers for terrible dating advice, but preferably from the male perspective. And don't be an asshole. Also, go away."
74,q_a,askscience,Help us fight for net neutrality!,Stephen Hawking megathread,A message to our users,"Ask a science question, get a science answer."
75,read_write,suggestmeabook,A dystopian where it slowly becomes clear to the reader that the protagonist is wrong and the government/ institution is right,I finally read Harry Potter. I canâ€™t believe I waited so long to read these books. I have only ever read non-fiction and I am so glad I found these books. What do I read next? I like these make believe worlds. I am going shopping tomorrow what else should I get? Please suggest books as good as HP.,"pick three books you think every beginner for your favorite genre should read, three for ""veterans"", and three for ""experts""","Need an idea what to read next? Tell us what you've enjoyed in the past, or what you're looking for, and let the community suggest a book (or books) for you to read!"
76,read_write,TwoSentenceHorror,"â€œI forgot to grab something, Iâ€™ll be right back,â€ said Mom.",My husband has been very upset with me since my failed suicide attempt,I decided to kill off a few characters in the book Iâ€™m writing.,Give us your scariest story in two sentences (or less)!
77,read_write,literature,"Dickens told Dostoevsky that two people lived inside of him, a good one and a bad one. ""Only two people?"" Dostoevsky asked.",The real reason Shakespeare didnâ€™t tell us why Capulets and Montagues hated each other.,Nobel laureate Toni Morrison passes away at 88,"Welcome to /r/literature, a community for deeper discussions of plays, poetry, short stories, and novels. Discussions of literary criticism, literary history, literary theory, and critical theory are also welcome--strongly encouraged, even."
78,read_write,writing,My 9yo son loves writing and has writen several short books over the last two years. Today we took our laptops to a coffee shop to have a joint writing session. So much fun we will do it again. I may never be a great writer. But today I felt like a pretty good dad.,[Image] The art of sentence length.,"Me and five of my friends formed a gaming company, now 3 out of 5 are voting to boot me because ""anyone can write""",Discussions about the writing craft.
79,read_write,comicbooks,Representation is so important,"DC on Twitter: ""This Superman poster from the 1950s is just as relevant today as it was nearly 70 years ago. There is still hope.""",Saw this on social media,"A reddit for fans of comic books, graphic novels, and digital comics."
80,science,askscience,Help us fight for net neutrality!,Stephen Hawking megathread,A message to our users,"Ask a science question, get a science answer."
81,science,Futurology,"Elon Musk: We know we'll run out of dead dinosaurs to mine for fuel & have to use sustainable energy eventually, so why not go renewable now & avoid increasing risk of climate catastrophe? Betting that science is wrong & oil companies are right is the dumbest experiment in history by far.",F.C.C. Announces Plan to Repeal Net Neutrality,"The ethics of the 4 day work week. Itâ€™s not just about the hours - â€œWe should work to live, not live to work,â€ declared Britainâ€™s shadow chancellor, who would reduce the standard working week to 32 hours, without loss of pay, within 10 years of winning office.","Welcome to r/Futurology, a subreddit devoted to the field of Future(s) Studies and speculation about the development of humanity, technology, and civilization."
82,science,math,Stop telling kids youâ€™re bad at math. You are spreading math anxiety â€˜like a virus.â€™,"I've just start reading this 1910 book ""calculus made easy""",The first page of my applied math textbook's chapter on rings,science
83,science,Astronomy,Today is my first day as a postdoctoral researcher at the Harvard-Smithsonian Center for Astrophysics! :D,"Close up of the Andromeda Galaxy, shows just how many stars there are.","Stephen Hawking Dead, Aged 76",The amateur hobby of man since the dawn of time and scientific study of celestial objects.
84,science,science,Physicist Stephen Hawking dies aged 76,The first picture of a black hole opens a new era of astrophysics. The supermassive beast lies in a galaxy called M87 more than 50 million light-years away,"Since legalizing cannabis in 2012, crime clearance rates are increasing faster in Washington and Colorado than the rest of country, suggesting that legalization may free police to focus on more serious crimes.","This community is a place to share and discuss new scientific research. Read about the latest advances in astronomy, biology, medicine, physics, social science, and more. Find and submit new publications and popular science coverage of current research."
85,sports,soccer,Leicester City Are Premier League Champions,Kroos goal vs Sweden [2]-1 Free kick,Juventus 0-2 Real Madrid - Cristiano Ronaldo 64' (Champions League - Quarter-finals),"The football subreddit.

News, results and discussion about the beautiful game."
86,sports,nfl,[Highlight] NO vs MIN - Diggs game-winning TD reception,[Highlight] Dolphins score on the final play to beat the Pats,New England Patriots are the Super Bowl LI Champions,NFL: National Football League News & Discussion
87,sports,sports,Weightlifter promised his wife to win an Olympic gold medal before she died in a car accident,The LA Rams have an assistant coach whose job is to make sure Head Coach Sean McVay doesn't run into the officials,"A Pelicans fan snuck on to the court for warmups, stretched and put up a shot before the police escorted him off",sports
88,sports,hockey,"US hockey fans, Ajit Pai is worse than Tim Peel! Make your voices heard and tell your representatives!",The St.Louis Blues have Clinched their first Stanley Cup in franchise history defeating the Boston Bruins 4-1 in game 7,The Tampa Bay Lightning have been eliminated from the Stanley Cup playoffs after being swept by the Columbus Blue Jackets,"Discuss the NHL, AHL, KHL, NWHL, IIHF and every other hockey league you can think of!

We are the premiere subreddit to talk everything hockey!"
89,sports,CollegeBasketball,[Post Game Thread] #16 UMBC defeats #1 Virginia 74-54,[The Onion] Nike Fires 8 Year Old Shoemaker Responsible For Zion Williamson Injury,[Gif War] I'm beginning to feel like a meme God,A subreddit for college basketball news and discussion
90,technology,technology,Congress has set out a bill to stop the FCC taking away our internet. PLEASE SPREAD THIS AS MUCH AS YOU CAN.,California-based game company Blizzard bans pro esports player and confiscates his prize money after he voices support for Hong Kong protesters,"If Reddit was half as verbal about net neutrality as they are about Star Wars Battlefront II, then we could stop ISP's and the FCC",Subreddit dedicated to the news and discussions about the creation and use of technology and its surrounding issues.
91,technology,pcmasterrace,EA giving away its crown.,As a prior US Marine who fought for freedom your actions make me sick. Goodbye Blizzard,"If you people would get even half as mad over Net Neutrality as you did with Battlefront II, we might get to keep our nice internet.","Welcome to the official subreddit of the PC Master Race. In this subreddit, we celebrate and promote the ultimate gaming and working platform. Ascend to a level that respects your eyes, your wallet, your mind, and your heart. Ascend to... the PC Master Race."
92,technology,Android,Google now prohibits apps that use lockscreen ads,Chrome will start blocking ads on February 15,HTC and Motorola say they donâ€™t slow old phones like Apple does,"Android news, reviews, tips, and discussions about rooting, tutorials, and apps. Generic discussion about phones/tablets is allowed, but technical-support and carrier-related issues should be asked in their respective subreddits!"
93,technology,iphone,Now you can cook on it,Just got my first iPhone for Christmas!,Apple CarPlay volume control UI,Redditâ€™s corner for iPhone lovers (or those who just mildly enjoy it...)
94,technology,Bitcoin,"It's official! 1 Bitcoin = $10,000 USD",The last 3 months in 47 seconds.,It's over 9000!!!,"A community dedicated to Bitcoin, the currency of the Internet. Bitcoin is a distributed, worldwide, decentralized digital money. Bitcoins are issued and managed without any central authority whatsoever: there is no government, company, or bank in charge of Bitcoin. You might be interested in Bitcoin if you like cryptography, distributed peer-to-peer systems, or economics. A large percentage of Bitcoin enthusiasts are libertarians, though people of all political philosophies are welcome."
95,tv,television,Sinclair's script for the local news stations that they own,"""Epstein didn't kill himself,"" former Navy SEAL blurts out on Fox News while taking about military dogs",I built a Netflix search site that makes it easier to browse what's available on Netflix and to see what's new and what's leaving,â€‹â€‹â€‹â€‹â€‹â€‹â€‹â€‹â€‹â€‹â€‹â€‹â€‹â€‹â€‹â€‹â€‹â€‹â€‹â€‹â€‹â€‹â€‹â€‹â€‹â€‹â€‹â€‹â€‹â€‹â€‹â€‹â€‹â€‹â€‹â€‹â€‹â€‹â€‹â€‹â€‹â€‹â€‹â€‹â€‹â€‹â€‹â€‹â€‹â€‹â€‹â€‹â€‹â€‹â€‹â€‹â€‹â€‹â€‹â€‹â€‹â€‹â€‹â€‹â€‹â€‹â€‹â€‹â€‹â€‹â€‹â€‹â€‹â€‹â€‹â€‹â€‹â€‹â€‹â€‹â€‹â€‹â€‹â€‹â€‹â€‹â€‹â€‹â€‹â€‹â€‹â€‹â€‹â€‹â€‹â€‹â€‹â€‹â€‹â€‹â€‹â€‹â€‹â€‹â€‹â€‹â€‹â€‹â€‹â€‹â€‹â€‹â€‹â€‹â€‹â€‹â€‹â€‹â€‹â€‹â€‹â€‹â€‹â€‹â€‹â€‹â€‹â€‹â€‹â€‹â€‹â€‹â€‹â€‹â€‹â€‹â€‹â€‹â€‹â€‹â€‹â€‹â€‹â€‹â€‹â€‹â€‹â€‹â€‹â€‹â€‹â€‹â€‹â€‹â€‹â€‹â€‹â€‹â€‹â€‹â€‹â€‹â€‹â€‹â€‹â€‹â€‹â€‹â€‹â€‹â€‹â€‹â€‹â€‹â€‹â€‹â€‹â€‹â€‹â€‹â€‹â€‹â€‹â€‹â€‹â€‹â€‹â€‹â€‹â€‹â€‹â€‹â€‹â€‹â€‹â€‹â€‹â€‹â€‹â€‹â€‹â€‹â€‹â€‹â€‹â€‹â€‹â€‹â€‹â€‹â€‹â€‹â€‹â€‹â€‹â€‹â€‹â€‹â€‹â€‹â€‹â€‹â€‹â€‹â€‹â€‹â€‹â€‹â€‹â€‹â€‹â€‹â€‹â€‹â€‹â€‹â€‹â€‹â€‹â€‹â€‹â€‹â€‹â€‹â€‹â€‹â€‹â€‹â€‹â€‹â€‹â€‹â€‹â€‹â€‹â€‹â€‹â€‹â€‹â€‹â€‹â€‹â€‹â€‹â€‹â€‹â€‹â€‹â€‹â€‹â€‹â€‹â€‹â€‹â€‹â€‹â€‹â€‹â€‹â€‹â€‹â€‹â€‹â€‹â€‹â€‹â€‹â€‹â€‹â€‹â€‹â€‹â€‹â€‹â€‹â€‹â€‹â€‹â€‹â€‹â€‹â€‹â€‹â€‹â€‹â€‹â€‹â€‹â€‹â€‹â€‹â€‹â€‹â€‹â€‹â€‹â€‹â€‹â€‹â€‹â€‹â€‹â€‹â€‹â€‹â€‹â€‹â€‹â€‹â€‹â€‹â€‹â€‹â€‹â€‹â€‹â€‹â€‹â€‹â€‹â€‹â€‹â€‹â€‹â€‹â€‹â€‹â€‹â€‹â€‹â€‹â€‹â€‹â€‹â€‹â€‹â€‹â€‹â€‹â€‹â€‹â€‹â€‹â€‹â€‹â€‹â€‹â€‹â€‹â€‹â€‹â€‹â€‹â€‹â€‹â€‹â€‹â€‹â€‹â€‹â€‹â€‹â€‹â€‹â€‹â€‹â€‹â€‹â€‹â€‹â€‹â€‹â€‹â€‹â€‹â€‹â€‹â€‹â€‹â€‹â€‹â€‹â€‹â€‹â€‹â€‹â€‹â€‹â€‹â€‹â€‹â€‹â€‹â€‹â€‹â€‹â€‹â€‹â€‹â€‹â€‹â€‹â€‹â€‹â€‹â€‹â€‹â€‹â€‹â€‹â€‹â€‹â€‹â€‹â€‹â€‹â€‹â€‹â€‹â€‹â€‹â€‹â€‹â€‹â€‹â€‹â€‹â€‹â€‹â€‹â€‹â€‹â€‹â€‹â€‹â€‹â€‹â€‹â€‹â€‹â€‹â€‹â€‹â€‹â€‹â€‹â€‹â€‹â€‹â€‹â€‹â€‹â€‹â€‹â€‹â€‹â€‹â€‹â€‹â€‹â€‹â€‹â€‹â€‹â€‹â€‹â€‹â€‹â€‹â€‹â€‹â€‹â€‹â€‹â€‹â€‹â€‹â€‹â€‹â€‹
96,tv,anime,So some madlad went ahead and did this...,"Kyoto Animation studio (KyoAni) had a fire break out within, and several people were injured.",Re:Zero Season 2 announced,Reddit's premier anime community.
97,tv,gameofthrones,"[No Spoilers] Peter Dinklage showed the world that little people don't need to be relegated to the background or cast as anything less than traditional roles. He absolutely crushed his performance, and may have helped other talented little people to get a bigger chance in film and television.",[Spoilers] How transportation in GOT actually works,[Spoilers] Game of Thrones Season 8 | Official Trailer (HBO),"This is a place to enjoy and discuss the HBO series, book series ASOIAF, and GRRM works in general. It is a safe place regardless of where you are in the story. We have three main rules. Content must be relevant. Spoilers must have warning. Be legal and respectful to others.

Post spoiler tags are: [No Spoilers], [Spoilers], or [Leaks]

Posts outside the content scope are removed. Redditors unable to follow the [sub's rules](http://www.reddit.com/r/gameofthrones/w/posting_policy) are banned."
98,tv,NetflixBestOf,"[US] The Prestige (2006) - Desperate to reveal each other's secrets, two rival magicians begin to perform increasingly risky tricks -- which soon turn deadly. Directed by Christopher Nolan, director of Memento, The Dark Knight Trilogy, and Inception.","[US] Fireplace 4K: Crackling Birchwood from Fireplace for Your Home (2015): In this riveting sequel, director George Ford breaks the norm of fireplace films and replaces firewood with birchwood. Truly one of the boldest directorial decisions ever seen in film, but the result is incredibly well done.",[US] Trollhunter (2010): A group of students start following a mysterious man claiming to be a trollhunter.,tv
99,tv,rickandmorty,Rick and Morty coming November 2019!!!,Rick and Morty fanbase reacting to the Rick and Morty fanbase,Rick wouldnâ€™t want us to have to pay more to go to popular websites such as YouTube to watch Rick and Morty. Fight for net neutrality!,"This is the subreddit for fans of Dan Harmon & Justin Roiland's animated series, Rick and Morty"
